USERNAME,PASSWORD
MCHA587,PasSwOrd1
LMUN483,PasSwOrd2
SCAL877,PasSwOrd3
MDEL161,PasSwOrd4
RANG349,PasSwOrd5
LMOR402,PasSwOrd6
TMUR073,PasSwOrd7
JENR742,PasSwOrd8
RRAM026,PasSwOrd9
RBER922,PasSwOrd10
MELI527,PasSwOrd11
DMON623,PasSwOrd12
MGON803,PasSwOrd13
VFER701,PasSwOrd14
ZMAD516,PasSwOrd15
JSAN303,PasSwOrd16
JULL266,PasSwOrd17
CGON415,PasSwOrd18
NESP150,PasSwOrd19
RALV814,PasSwOrd20
CPEN200,PasSwOrd21
LANG513,PasSwOrd22
RSNO194,PasSwOrd23
LHER167,PasSwOrd24
DGAR943,PasSwOrd25
AAGU725,PasSwOrd26
JVEG613,PasSwOrd27
MHER775,PasSwOrd28
RLEO189,PasSwOrd29
GCRU107,PasSwOrd30
FUMA307,PasSwOrd31
VFER647,PasSwOrd32
ETOL619,PasSwOrd33
AMOR646,PasSwOrd34
CMAT530,PasSwOrd35
FZAM420,PasSwOrd36
MBUS744,PasSwOrd37
GMAR655,PasSwOrd38
AESQ474,PasSwOrd39
RBON370,PasSwOrd40
FCHI523,PasSwOrd41
ESOT337,PasSwOrd42
MCHA605,PasSwOrd43
MFER254,PasSwOrd44
VMON049,PasSwOrd45
ANUN678,PasSwOrd46
EMOR858,PasSwOrd47
FSOL763,PasSwOrd48
RBAR815,PasSwOrd49
WBOL858,PasSwOrd50
ABER764,PasSwOrd51
MHER661,PasSwOrd52
JHER716,PasSwOrd53
ROBA159,PasSwOrd54
PCHA717,PasSwOrd55
RROJ590,PasSwOrd56
AUMA874,PasSwOrd57
GRAM596,PasSwOrd58
MARC009,PasSwOrd59
JJIM678,PasSwOrd60